8127,Power Supply,6436,37,NULL,0,2018-01-19 07:45:00.000,11.68774,NULL,1,0,2740
8128,Level,6436,2,NULL,0,2018-01-19 07:45:00.000,18.86113,NULL,1,0,2741
8129,Velocity,6436,16,NULL,0,2018-01-19 07:45:00.000,1.191493,NULL,1,0,2742
8130,Flow,6436,26,NULL,0,2018-01-19 07:45:00.000,1289.451,NULL,1,0,2743
8131,Surface Velocity,6436,16,NULL,0,2018-01-19 07:45:00.000,1.25,NULL,1,0,2744
8132,Distance,6436,2,NULL,0,2018-01-19 07:45:00.000,32.93457,NULL,0,0,2745
8133,Surcharge level,6436,2,NULL,0,2018-01-19 07:45:00.000,0,NULL,1,0,2746
8134,Surcharge Velocity 2,6436,16,NULL,0,2016-07-12 17:30:00.000,0.2,NULL,0,0,2747
8582,Final Level,6436,2,NULL,10,2018-01-19 07:45:00.000,18.86113,NULL,1,0,NULL
8622,Final Velocity,6436,16,NULL,10,2018-01-19 07:45:00.000,1.191493,NULL,1,0,NULL
8662,Interpolated Flow,6436,28,NULL,10,2018-01-19 07:45:00.000,1289.451,NULL,0,0,NULL
8762,Final Pipe Filling_dD,6436,89,NULL,10,2018-01-19 07:30:00.000,0.372512,NULL,1,0,NULL
8797,FlowQ_CFS,6436,19,NULL,10,2018-01-19 07:30:00.000,2.685678,NULL,0,0,NULL
9719,Power Supply,6969,37,NULL,0,2018-01-19 07:45:00.000,10.83022,NULL,1,0,3345
9720,Level,6969,2,NULL,0,2018-01-19 07:45:00.000,4.699394,NULL,1,0,3346
9721,Velocity,6969,16,NULL,0,2018-01-19 07:45:00.000,0.9224396,NULL,1,0,3347
9722,Flow,6969,26,NULL,0,2018-01-19 07:45:00.000,262.4791,NULL,1,0,3348
9723,Surface Velocity,6969,16,NULL,0,2018-01-19 07:45:00.000,1.15,NULL,1,0,3349
9724,Distance,6969,2,NULL,0,2018-01-19 07:45:00.000,67.06402,NULL,0,0,3350
9725,Surcharge level,6969,2,NULL,0,2018-01-19 07:45:00.000,0,NULL,1,0,3351
9726,Surcharge Velocity 2,6969,16,NULL,0,2016-04-19 07:00:00.000,-0.01,NULL,0,0,3352
9865,QAQC Baseline Flow,6436,28,NULL,10,2018-01-19 07:45:00.000,4.574605,NULL,1,0,NULL
9878,QAQC Baseline Flow,6969,28,NULL,10,2018-01-19 07:45:00.000,0.5270954,NULL,1,0,NULL
9933,ADWF,6436,28,NULL,10,2018-01-19 07:45:00.000,0,NULL,0,0,NULL
9946,ADWF,6969,28,NULL,10,2018-01-19 07:45:00.000,0.7178159,NULL,0,0,NULL
10002,Mean Diff Squared,6436,28,NULL,10,2018-01-19 07:45:00.000,20.92702,NULL,0,0,NULL
10015,Mean Diff Squared,6969,28,NULL,10,2018-01-19 07:45:00.000,0.03637429,NULL,0,0,NULL
10103,Variance,6436,0,NULL,10,2018-01-19 07:45:00.000,0,NULL,0,0,NULL
10116,Variance,6969,0,NULL,10,2018-01-19 07:45:00.000,0.08879834,NULL,0,0,NULL
10182,SD Baseline,6436,0,NULL,10,2018-01-19 07:45:00.000,0,NULL,0,0,NULL
10195,SD Baseline,6969,0,NULL,10,2018-01-19 07:45:00.000,0.2979905,NULL,0,0,NULL
10261,Flow over Base,6436,0,NULL,10,2018-01-19 07:30:00.000,0,NULL,0,0,NULL
10274,Flow over Base,6969,50,NULL,10,2018-01-19 07:30:00.000,0,NULL,0,0,NULL
10325,Interpolated Flow,6969,28,NULL,10,2018-01-19 07:45:00.000,262.4791,NULL,0,0,NULL
10357,Power Supply,7325,37,NULL,0,2018-01-19 07:15:00.000,9.796638,NULL,1,0,3545
10361,Power Supply,7329,37,NULL,0,2018-01-19 06:45:00.000,11.40043,NULL,1,0,3577
10362,Power Supply,7330,37,NULL,0,2018-01-19 07:30:00.000,10.72571,NULL,1,0,3585
10363,Power Supply,7331,37,NULL,0,2018-01-19 07:30:00.000,10.69606,NULL,1,0,3593
10364,Power Supply,7332,37,NULL,0,2018-01-19 07:00:00.000,10.69586,NULL,1,0,3601
10365,Power Supply,7333,37,NULL,0,2018-01-19 07:15:00.000,11.99296,NULL,1,0,3609
10366,Power Supply,7334,37,NULL,0,2018-01-19 07:30:00.000,9.758189,NULL,1,0,3617
10380,Power Supply,7348,37,NULL,0,2018-01-19 07:30:00.000,11.69418,NULL,1,0,3729
10409,Level,7325,2,NULL,0,2018-01-19 07:15:00.000,6.187422,NULL,1,0,3544
10413,Level,7329,2,NULL,0,2018-01-19 06:45:00.000,7.447298,NULL,1,0,3576
10414,Level,7330,2,NULL,0,2018-01-19 07:30:00.000,6.534355,NULL,1,0,3584
10415,Level,7331,2,NULL,0,2018-01-19 07:30:00.000,1.514988,NULL,1,0,3592
10416,Level,7332,2,NULL,0,2018-01-19 07:00:00.000,2.587872,NULL,1,0,3600
10417,Level,7333,2,NULL,0,2018-01-19 07:15:00.000,7.64657,NULL,1,0,3608
10418,Level,7334,2,NULL,0,2018-01-19 07:30:00.000,8.242836,NULL,1,0,3616
10432,Level,7348,2,NULL,0,2018-01-19 07:30:00.000,8.578102,NULL,1,0,3728
10461,Velocity,7325,16,NULL,0,2018-01-19 07:15:00.000,1.033193,NULL,1,0,3549
10465,Velocity,7329,16,NULL,0,2018-01-19 06:45:00.000,2.819782,NULL,1,0,3581
10466,Velocity,7330,16,NULL,0,2018-01-19 07:30:00.000,3.073581,NULL,1,0,3589
10467,Velocity,7331,16,NULL,0,2018-01-19 07:30:00.000,2.537035,NULL,1,0,3597
10468,Velocity,7332,16,NULL,0,2018-01-19 07:00:00.000,0.8934426,NULL,1,0,3605
10469,Velocity,7333,16,NULL,0,2018-01-19 07:15:00.000,2.421265,NULL,1,0,3613
10470,Velocity,7334,16,NULL,0,2018-01-19 07:30:00.000,2.115818,NULL,1,0,3621
10484,Velocity,7348,16,NULL,0,2018-01-19 07:30:00.000,3.610554,NULL,1,0,3733
10513,Flow,7325,26,NULL,0,2018-01-19 07:15:00.000,318.718,NULL,1,0,3543
10517,Flow,7329,26,NULL,0,2018-01-19 06:45:00.000,1202.536,NULL,1,0,3575
10518,Flow,7330,26,NULL,0,2018-01-19 07:30:00.000,955.1968,NULL,1,0,3583
10519,Flow,7331,26,NULL,0,2018-01-19 07:30:00.000,111.3738,NULL,1,0,3591
10520,Flow,7332,26,NULL,0,2018-01-19 07:00:00.000,94.58723,NULL,1,0,3599
10521,Flow,7333,26,NULL,0,2018-01-19 07:15:00.000,936.1937,NULL,1,0,3607
10522,Flow,7334,26,NULL,0,2018-01-19 07:30:00.000,949.08,NULL,1,0,3615
10536,Flow,7348,26,NULL,0,2018-01-19 07:30:00.000,2713.977,NULL,1,0,3727
10565,Raw Level,7325,2,NULL,0,NULL,NULL,NULL,0,0,3546
10569,Raw Level,7329,2,NULL,0,NULL,NULL,NULL,0,0,3578
10570,Raw Level,7330,2,NULL,0,NULL,NULL,NULL,0,0,3586
10571,Raw Level,7331,2,NULL,0,NULL,NULL,NULL,0,0,3594
10572,Raw Level,7332,2,NULL,0,NULL,NULL,NULL,0,0,3602
10573,Raw Level,7333,2,NULL,0,NULL,NULL,NULL,0,0,3610
10574,Raw Level,7334,2,NULL,0,NULL,NULL,NULL,0,0,3618
10588,Raw Level,7348,2,NULL,0,NULL,NULL,NULL,0,0,3730
10617,Distance,7325,2,NULL,0,2018-01-19 07:15:00.000,25.33274,NULL,0,0,3542
10621,Distance,7329,2,NULL,0,2018-01-19 06:45:00.000,26.56437,NULL,0,0,3574
10622,Distance,7330,2,NULL,0,2018-01-19 07:30:00.000,23.21646,NULL,0,0,3582
10623,Distance,7331,2,NULL,0,2018-01-19 07:30:00.000,37.44402,NULL,0,0,3590
10624,Distance,7332,2,NULL,0,2018-01-19 07:00:00.000,41.41005,NULL,0,0,3598
10625,Distance,7333,2,NULL,0,2018-01-19 07:15:00.000,20.22346,NULL,0,0,3606
10626,Distance,7334,2,NULL,0,2018-01-19 07:30:00.000,36.98133,NULL,0,0,3614
10640,Distance,7348,2,NULL,0,2018-01-19 07:30:00.000,77.88544,NULL,0,0,3726
10669,Surcharge level,7325,2,NULL,0,2018-01-19 07:15:00.000,0,NULL,1,0,3547
10673,Surcharge level,7329,2,NULL,0,2018-01-19 06:45:00.000,0,NULL,1,0,3579
10674,Surcharge level,7330,2,NULL,0,2018-01-19 07:30:00.000,0,NULL,1,0,3587
10675,Surcharge level,7331,2,NULL,0,2018-01-19 07:30:00.000,0,NULL,1,0,3595
10676,Surcharge level,7332,2,NULL,0,2018-01-19 07:00:00.000,0,NULL,1,0,3603
10677,Surcharge level,7333,2,NULL,0,2018-01-19 07:15:00.000,0.1199999,NULL,1,0,3611
10678,Surcharge level,7334,2,NULL,0,2018-01-19 07:30:00.000,0,NULL,1,0,3619
10692,Surcharge level,7348,2,NULL,0,2018-01-19 07:30:00.000,0,NULL,1,0,3731
10721,Surcharge Velocity 4,7325,16,NULL,0,NULL,NULL,NULL,0,0,3548
10725,Surcharge Velocity 4,7329,16,NULL,0,NULL,NULL,NULL,0,0,3580
10726,Surcharge Velocity 4,7330,16,NULL,0,NULL,NULL,NULL,0,0,3588
10727,Surcharge Velocity 4,7331,16,NULL,0,NULL,NULL,NULL,0,0,3596
10728,Surcharge Velocity 4,7332,16,NULL,0,NULL,NULL,NULL,0,0,3604
10729,Surcharge Velocity 4,7333,16,NULL,0,NULL,NULL,NULL,0,0,3612
10730,Surcharge Velocity 4,7334,16,NULL,0,NULL,NULL,NULL,0,0,3620
10744,Surcharge Velocity 4,7348,16,NULL,0,NULL,NULL,NULL,0,0,3732
10825,Interpolated Flow,7334,28,NULL,10,2018-01-19 07:30:00.000,949.08,NULL,0,0,NULL
10826,QAQC Baseline Flow,7334,28,NULL,10,2018-01-19 07:45:00.000,2.183679,NULL,1,0,NULL
10827,ADWF,7334,28,NULL,10,2018-01-19 07:45:00.000,1.725512,NULL,0,0,NULL
10828,Mean Diff Squared,7334,28,NULL,10,2018-01-19 07:45:00.000,0.2099171,NULL,0,0,NULL
10829,Variance,7334,0,NULL,10,2018-01-19 07:45:00.000,0.2682305,NULL,0,0,NULL
10830,SD Baseline,7334,0,NULL,10,2018-01-19 07:45:00.000,0.5179097,NULL,0,0,NULL
10831,Flow over Base,7334,0,NULL,10,2018-01-19 07:30:00.000,0,NULL,0,0,NULL
10908,Interpolated Flow,7348,28,NULL,10,2018-01-19 07:30:00.000,2713.977,NULL,0,0,NULL
10909,QAQC Baseline Flow,7348,28,NULL,10,2018-01-19 07:45:00.000,15.361,NULL,1,0,NULL
10910,ADWF,7348,28,NULL,10,2018-01-19 07:45:00.000,12.50101,NULL,0,0,NULL
10911,Mean Diff Squared,7348,28,NULL,10,2018-01-19 07:45:00.000,8.179549,NULL,0,0,NULL
10912,Variance,7348,0,NULL,10,2018-01-19 07:45:00.000,15.14834,NULL,0,0,NULL
10913,SD Baseline,7348,0,NULL,10,2018-01-19 07:45:00.000,3.892087,NULL,0,0,NULL
10914,Flow over Base,7348,50,NULL,10,2018-01-19 07:30:00.000,0,NULL,0,0,NULL
11034,Interpolated Flow,7325,28,NULL,10,2018-01-19 07:15:00.000,318.718,NULL,0,0,NULL
11035,QAQC Baseline Flow,7325,28,NULL,10,2018-01-19 07:45:00.000,0.6954131,NULL,1,0,NULL
11036,ADWF,7325,28,NULL,10,2018-01-19 07:45:00.000,0.6172271,NULL,0,0,NULL
11037,Mean Diff Squared,7325,28,NULL,10,2018-01-19 07:45:00.000,0.006113047,NULL,0,0,NULL
11038,Variance,7325,0,NULL,10,2018-01-19 07:45:00.000,0.02925284,NULL,0,0,NULL
11039,SD Baseline,7325,0,NULL,10,2018-01-19 07:45:00.000,0.1710346,NULL,0,0,NULL
11040,Flow over Base,7325,0,NULL,10,2018-01-19 07:15:00.000,0,NULL,0,0,NULL
11062,Interpolated Flow,7329,28,NULL,10,2018-01-19 06:45:00.000,1202.536,NULL,0,0,NULL
11063,QAQC Baseline Flow,7329,28,NULL,10,2017-06-23 10:30:00.000,3.165281,NULL,1,0,NULL
11064,ADWF,7329,28,NULL,10,2017-06-23 10:30:00.000,2.335786,NULL,0,0,NULL
11065,Mean Diff Squared,7329,28,NULL,10,2017-06-23 10:30:00.000,0.6880607,NULL,0,0,NULL
11066,Variance,7329,0,NULL,10,2018-01-19 06:45:00.000,1629.144,NULL,0,0,NULL
11067,SD Baseline,7329,0,NULL,10,2018-01-19 06:45:00.000,40.36266,NULL,0,0,NULL
11068,Flow over Base,7329,0,NULL,10,2017-06-23 10:30:00.000,0,NULL,0,0,NULL
11069,Interpolated Flow,7330,28,NULL,10,2018-01-19 07:30:00.000,955.1968,NULL,0,0,NULL
11070,QAQC Baseline Flow,7330,28,NULL,10,2018-01-19 07:45:00.000,1.723865,NULL,1,0,NULL
11071,ADWF,7330,28,NULL,10,2018-01-19 07:45:00.000,1.304631,NULL,0,0,NULL
11072,Mean Diff Squared,7330,28,NULL,10,2018-01-19 07:45:00.000,0.1757576,NULL,0,0,NULL
11073,Variance,7330,0,NULL,10,2018-01-19 07:45:00.000,0.1721056,NULL,0,0,NULL
11074,SD Baseline,7330,0,NULL,10,2018-01-19 07:45:00.000,0.414856,NULL,0,0,NULL
11075,Flow over Base,7330,0,NULL,10,2018-01-19 07:30:00.000,0,NULL,0,0,NULL
11076,Interpolated Flow,7331,28,NULL,10,2018-01-19 07:30:00.000,111.3738,NULL,0,0,NULL
11077,QAQC Baseline Flow,7331,28,NULL,10,2018-01-19 07:45:00.000,1.885294,NULL,1,0,NULL
11078,ADWF,7331,28,NULL,10,2018-01-19 07:45:00.000,1.2368,NULL,0,0,NULL
11079,Mean Diff Squared,7331,28,NULL,10,2018-01-19 07:45:00.000,0.4205455,NULL,0,0,NULL
11080,Variance,7331,0,NULL,10,2018-01-19 07:45:00.000,0.2362685,NULL,0,0,NULL
11081,SD Baseline,7331,0,NULL,10,2018-01-19 07:45:00.000,0.4860746,NULL,0,0,NULL
11082,Flow over Base,7331,0,NULL,10,2018-01-19 07:30:00.000,0,NULL,0,0,NULL
11083,Interpolated Flow,7332,28,NULL,10,2018-01-19 07:00:00.000,94.58723,NULL,0,0,NULL
11084,QAQC Baseline Flow,7332,28,NULL,10,2018-01-19 07:45:00.000,0.4681531,NULL,1,0,NULL
11085,ADWF,7332,28,NULL,10,2018-01-19 07:45:00.000,0,NULL,0,0,NULL
11086,Mean Diff Squared,7332,28,NULL,10,2018-01-19 07:45:00.000,0.2191673,NULL,0,0,NULL
11087,Variance,7332,0,NULL,10,2018-01-19 07:45:00.000,0,NULL,0,0,NULL
11088,SD Baseline,7332,0,NULL,10,2018-01-19 07:45:00.000,0,NULL,0,0,NULL
11089,Flow over Base,7332,0,NULL,10,2018-01-19 07:00:00.000,0,NULL,0,0,NULL
11090,Interpolated Flow,7333,28,NULL,10,2018-01-19 07:15:00.000,936.1937,NULL,0,0,NULL
11091,QAQC Baseline Flow,7333,28,NULL,10,2018-01-19 07:45:00.000,1.988395,NULL,1,0,NULL
11092,ADWF,7333,28,NULL,10,2018-01-19 07:45:00.000,1.317822,NULL,0,0,NULL
11093,Mean Diff Squared,7333,28,NULL,10,2018-01-19 07:45:00.000,0.4496693,NULL,0,0,NULL
11094,Variance,7333,0,NULL,10,2018-01-19 07:45:00.000,0.2998447,NULL,0,0,NULL
11095,SD Baseline,7333,0,NULL,10,2018-01-19 07:45:00.000,0.5475808,NULL,0,0,NULL
11096,Flow over Base,7333,0,NULL,10,2018-01-19 07:15:00.000,0,NULL,0,0,NULL
11825,Distance to SSO 152 of 236,7325,2,NULL,10,2018-01-19 07:15:00.000,152,NULL,0,0,NULL
11826,Final Pipe Filling_dD,7325,89,NULL,10,2018-01-19 07:15:00.000,0.2291638,NULL,1,0,NULL
11837,Distance to SSO 155 of 420,7329,2,NULL,10,2018-01-19 06:45:00.000,155,NULL,0,0,NULL
11838,Final Pipe Filling_dD,7329,89,NULL,10,2018-01-19 06:45:00.000,0.2482433,NULL,1,0,NULL
11839,Distance to SSO 150 of 320,7330,2,NULL,10,2018-01-19 07:30:00.000,150,NULL,0,0,NULL
11840,Final Pipe Filling_dD,7330,89,NULL,10,2018-01-19 07:30:00.000,0.2722648,NULL,1,0,NULL
11841,Distance to SSO 159 of 277,7331,2,NULL,10,2018-01-19 07:30:00.000,159,NULL,0,0,NULL
11842,Final Pipe Filling_dD,7331,89,NULL,10,2018-01-19 07:30:00.000,0.04590873,NULL,1,0,NULL
11843,Distance to SSO 164 of 292,7332,2,NULL,10,2018-01-19 07:00:00.000,164,NULL,0,0,NULL
11844,Final Pipe Filling_dD,7332,89,NULL,10,2018-01-19 07:00:00.000,0.0663557,NULL,1,0,NULL
11845,Distance to SSO 114 of 114,7333,2,NULL,10,2018-01-19 07:15:00.000,113.88,NULL,0,0,NULL
11846,Final Pipe Filling_dD,7333,89,NULL,10,2018-01-19 07:15:00.000,0.3186071,NULL,1,0,NULL
11847,Distance to SSO 175 of 180,6436,2,NULL,10,2018-01-19 07:45:00.000,175,NULL,0,0,NULL
11848,Distance to SSO 164 of 199,7334,2,NULL,10,2018-01-19 07:30:00.000,164,NULL,0,0,NULL
11849,Final Pipe Filling_dD,7334,89,NULL,10,2018-01-19 07:30:00.000,0.2060709,NULL,1,0,NULL
11916,Final Pipe Filling_dD,6969,89,NULL,10,2018-01-19 07:30:00.000,0.09709072,NULL,1,0,NULL
11918,Final Pipe Filling_dD,7348,89,NULL,10,2018-01-19 07:30:00.000,0.150493,NULL,1,0,NULL
11937,Distance to SSO 157 of 157,6969,2,NULL,10,2018-01-19 07:45:00.000,157,NULL,0,0,NULL
11941,Distance to SSO 188 of 188,7348,2,NULL,10,2018-01-19 07:30:00.000,188,NULL,0,0,NULL
12122,Final Flow,7325,28,NULL,10,2018-01-19 07:15:00.000,0.4271852,NULL,1,0,NULL
12127,Final Flow,7329,28,NULL,10,2018-01-19 06:45:00.000,1.731652,NULL,1,0,NULL
12128,Final Flow,7330,28,NULL,10,2018-01-19 07:30:00.000,1.375483,NULL,1,0,NULL
12129,Final Flow,7331,28,NULL,10,2018-01-19 07:30:00.000,0.1603782,NULL,1,0,NULL
12130,Final Flow,7332,28,NULL,10,2018-01-19 07:00:00.000,0.2520638,NULL,1,0,NULL
12131,Final Flow,7333,28,NULL,10,2018-01-19 07:15:00.000,1.348119,NULL,1,0,NULL
12132,Final Flow,6436,28,NULL,10,2018-01-19 07:30:00.000,3.536894,NULL,1,0,NULL
12135,Final Flow,7334,28,NULL,10,2018-01-19 07:30:00.000,1.366675,NULL,1,0,NULL
12167,Final Flow,6969,28,NULL,10,2018-01-19 07:30:00.000,0.3733672,NULL,1,0,NULL
12175,Final Flow,7348,28,NULL,10,2018-01-19 07:30:00.000,6.971684,NULL,1,0,NULL
12280,Power Supply,7537,37,NULL,0,2018-01-19 07:15:00.000,12.06526,NULL,1,0,4288
12281,Level,7537,2,NULL,0,2018-01-19 07:15:00.000,7.221817,NULL,1,0,4289
12282,Velocity,7537,16,NULL,0,2018-01-19 07:15:00.000,1.444,NULL,1,0,4290
12283,Flow,7537,26,NULL,0,2018-01-19 07:15:00.000,2060.211,NULL,1,0,4291
12284,Raw Level,7537,2,NULL,0,NULL,NULL,NULL,0,0,4292
12285,Distance,7537,2,NULL,0,2018-01-19 07:15:00.000,80.52818,NULL,0,0,4293
12286,Surcharge level,7537,2,NULL,0,2018-01-19 07:15:00.000,0,NULL,1,0,4294
12287,Surcharge Velocity,7537,16,NULL,0,NULL,NULL,NULL,0,0,4295
12288,Final Pipe Filling_dD,7537,89,NULL,10,2018-01-19 07:15:00.000,0.08802795,NULL,1,0,NULL
12289,Distance to SSO 190 of 207,7537,2,NULL,10,2018-01-19 07:15:00.000,190,NULL,0,0,NULL
12290,Interpolated Flow,7537,28,NULL,10,2018-01-19 07:15:00.000,2060.211,NULL,0,0,NULL
12291,Final Flow,7537,28,NULL,10,2018-01-19 07:15:00.000,1.74836,NULL,1,0,NULL
12498,QAQC Baseline Flow,7537,28,NULL,10,2018-01-19 07:45:00.000,2.948495,NULL,1,0,NULL
12499,ADWF,7537,28,NULL,10,2018-01-19 07:45:00.000,3.10112,NULL,0,0,NULL
13124,Mean Diff Squared,7537,28,NULL,10,2018-01-19 07:45:00.000,0.02329464,NULL,0,0,NULL
13173,Variance,7537,NULL,NULL,10,2018-01-19 07:45:00.000,0.7885598,NULL,0,0,NULL
13223,SD Baseline,7537,NULL,NULL,10,2018-01-19 07:45:00.000,0.8880089,NULL,0,0,NULL
13275,Flow over Base,7537,0,NULL,10,2018-01-19 07:15:00.000,0,NULL,0,0,NULL
13682,Final Level,7325,2,NULL,10,2018-01-19 07:15:00.000,6.187422,NULL,1,0,NULL
13687,Final Level,7329,2,NULL,10,2018-01-19 06:45:00.000,7.447298,NULL,1,0,NULL
13688,Final Level,7330,2,NULL,10,2018-01-19 07:30:00.000,6.534355,NULL,1,0,NULL
13689,Final Level,7331,2,NULL,10,2018-01-19 07:30:00.000,1.514988,NULL,1,0,NULL
13690,Final Level,7332,2,NULL,10,2018-01-19 07:00:00.000,2.587872,NULL,1,0,NULL
13691,Final Level,7333,2,NULL,10,2018-01-19 07:15:00.000,7.64657,NULL,1,0,NULL
13692,Final Level,7334,2,NULL,10,2018-01-19 07:30:00.000,8.242836,NULL,1,0,NULL
13721,Final Level,6969,2,NULL,10,2018-01-19 07:45:00.000,4.699394,NULL,1,0,NULL
13724,Final Level,7348,2,NULL,10,2018-01-19 07:30:00.000,8.578102,NULL,1,0,NULL
13725,Final Level,7537,2,NULL,10,2018-01-19 07:15:00.000,5.721817,NULL,1,0,NULL
13828,Final Velocity,7325,16,NULL,10,2018-01-19 07:15:00.000,1.033193,NULL,1,0,NULL
13833,Final Velocity,7329,16,NULL,10,2018-01-19 06:45:00.000,2.819782,NULL,1,0,NULL
13834,Final Velocity,7330,16,NULL,10,2018-01-19 07:30:00.000,3.073581,NULL,1,0,NULL
13835,Final Velocity,7331,16,NULL,10,2018-01-19 07:30:00.000,2.537035,NULL,1,0,NULL
13836,Final Velocity,7332,16,NULL,10,2018-01-19 07:00:00.000,0.8934426,NULL,1,0,NULL
13837,Final Velocity,7333,16,NULL,10,2018-01-19 07:15:00.000,2.421265,NULL,1,0,NULL
13838,Final Velocity,7334,16,NULL,10,2018-01-19 07:30:00.000,2.115818,NULL,1,0,NULL
13868,Final Velocity,6969,16,NULL,10,2018-01-19 07:45:00.000,0.9224396,NULL,1,0,NULL
13871,Final Velocity,7348,16,NULL,10,2018-01-19 07:30:00.000,3.610554,NULL,1,0,NULL
13872,Final Velocity,7537,16,NULL,10,2018-01-19 07:15:00.000,1.444,NULL,1,0,NULL
14100,QAQC Delta Final Flow,7325,28,NULL,10,2018-01-19 07:15:00.000,0.03212792,NULL,1,0,NULL
14105,QAQC Delta Final Flow,7329,28,NULL,10,2018-01-19 06:45:00.000,0.2847672,NULL,1,0,NULL
14106,QAQC Delta Final Flow,7330,28,NULL,10,2018-01-19 07:30:00.000,0.1826489,NULL,1,0,NULL
14107,QAQC Delta Final Flow,7331,28,NULL,10,2018-01-19 07:30:00.000,0.06952835,NULL,1,0,NULL
14108,QAQC Delta Final Flow,7332,28,NULL,10,2018-01-19 07:00:00.000,0.01282771,NULL,1,0,NULL
14109,QAQC Delta Final Flow,7333,28,NULL,10,2018-01-19 07:15:00.000,0.0877862,NULL,1,0,NULL
14110,QAQC Delta Final Flow,6436,28,NULL,10,2018-01-19 07:30:00.000,0.1854577,NULL,1,0,NULL
14111,QAQC Delta Final Flow,7334,28,NULL,10,2018-01-19 07:30:00.000,0.1352235,NULL,1,0,NULL
14148,QAQC Delta Final FLow,6969,28,NULL,10,2018-01-19 07:30:00.000,0.07696417,NULL,1,0,NULL
14153,QAQC Delta Final FLow,7348,28,NULL,10,2018-01-19 07:30:00.000,1.31034,NULL,1,0,NULL
14154,QAQC Delta Final FLow,7537,28,NULL,10,2018-01-19 07:15:00.000,0.01438975,NULL,1,0,NULL
14286,QAQC Delta T,7325,41,NULL,10,2018-01-19 07:15:00.000,1800,NULL,1,0,NULL
14291,QAQC Delta T,7329,41,NULL,10,2018-01-19 06:45:00.000,900,NULL,1,0,NULL
14292,QAQC Delta T,7330,41,NULL,10,2018-01-19 07:30:00.000,900,NULL,1,0,NULL
14293,QAQC Delta T,7331,41,NULL,10,2018-01-19 07:30:00.000,2700,NULL,1,0,NULL
14294,QAQC Delta T,7332,41,NULL,10,2018-01-19 07:00:00.000,900,NULL,1,0,NULL
14295,QAQC Delta T,7333,41,NULL,10,2018-01-19 07:15:00.000,900,NULL,1,0,NULL
14296,QAQC Delta T,6436,41,NULL,10,2018-01-19 07:30:00.000,900,NULL,1,0,NULL
14297,QAQC Delta T,7334,41,NULL,10,2018-01-19 07:30:00.000,900,NULL,1,0,NULL
14334,QAQC Delta T,6969,41,NULL,10,2018-01-19 07:30:00.000,900,NULL,1,0,NULL
14339,QAQC Delta T,7348,41,NULL,10,2018-01-19 07:30:00.000,2700,NULL,1,0,NULL
14340,QAQC Delta T,7537,41,NULL,10,2018-01-19 07:15:00.000,900,NULL,1,0,NULL
14472,Surcharge Hours,7325,43,NULL,10,2018-01-19 07:15:00.000,0,NULL,1,0,NULL
14477,Surcharge Hours,7329,43,NULL,10,2018-01-19 06:45:00.000,0,NULL,1,0,NULL
14478,Surcharge Hours,7330,43,NULL,10,2018-01-19 07:30:00.000,0,NULL,1,0,NULL
14479,Surcharge Hours,7331,43,NULL,10,2018-01-19 07:30:00.000,0,NULL,1,0,NULL
14480,Surcharge Hours,7332,43,NULL,10,2018-01-19 07:00:00.000,0,NULL,1,0,NULL
14481,Surcharge Hours,7333,43,NULL,10,2018-01-19 07:15:00.000,0,NULL,1,0,NULL
14482,Surcharge Hours,6436,43,NULL,10,2018-01-19 07:30:00.000,0,NULL,1,0,NULL
14483,Surcharge Hours,7334,43,NULL,10,2018-01-19 07:30:00.000,0,NULL,1,0,NULL
14520,Surcharge Hours,6969,43,NULL,10,2018-01-19 07:30:00.000,0,NULL,1,0,NULL
14525,Surcharge Hours,7348,43,NULL,10,2018-01-19 07:30:00.000,0,NULL,1,0,NULL
14526,Surcharge Hours,7537,43,NULL,10,2018-01-19 07:15:00.000,0,NULL,1,0,NULL
14583,QAQC Velocity,7325,16,NULL,10,2018-01-19 07:45:00.000,1.288344,NULL,0,0,NULL
14584,QAQC Level,7325,2,NULL,10,2018-01-19 07:45:00.000,7.99324,NULL,0,0,NULL
14811,QAQC Level,7331,2,NULL,10,2018-01-19 07:45:00.000,5.015846,NULL,0,0,NULL
14812,QAQC Velocity,7331,16,NULL,10,2018-01-19 07:45:00.000,5.122156,NULL,0,0,NULL
14813,QAQC Level,6436,2,NULL,10,2018-01-19 07:45:00.000,19.93497,NULL,0,0,NULL
14814,QAQC Velocity,6436,16,NULL,10,2018-01-19 07:45:00.000,1.434329,NULL,0,0,NULL
14975,Uptime,7325,89,NULL,10,2018-01-19 07:15:00.000,100,NULL,0,0,NULL
14980,Uptime,7329,89,NULL,10,2018-01-19 06:45:00.000,100,NULL,0,0,NULL
14981,Uptime,7330,89,NULL,10,2018-01-19 07:30:00.000,100,NULL,0,0,NULL
14982,Uptime,7331,89,NULL,10,2018-01-19 07:30:00.000,100,NULL,0,0,NULL
14983,Uptime,7332,89,NULL,10,2018-01-19 07:00:00.000,100,NULL,0,0,NULL
14984,Uptime,7333,89,NULL,10,2018-01-19 07:15:00.000,100,NULL,0,0,NULL
14985,Uptime,6436,89,NULL,10,2018-01-19 07:30:00.000,100,NULL,0,0,NULL
14986,Uptime,7334,89,NULL,10,2018-01-19 07:30:00.000,100,NULL,0,0,NULL
15023,Uptime,6969,89,NULL,10,2018-01-19 07:30:00.000,100,NULL,0,0,NULL
15028,Uptime,7348,89,NULL,10,2018-01-19 07:30:00.000,100,NULL,0,0,NULL
15029,Uptime,7537,89,NULL,10,2018-01-19 07:15:00.000,100,NULL,0,0,NULL
15210,QAQC Level,6969,2,NULL,10,2018-01-19 07:45:00.000,5.278561,NULL,0,0,NULL
15211,QAQC Velocity,6969,16,NULL,10,2018-01-19 07:45:00.000,1.084794,NULL,0,0,NULL
15238,Power Supply,8549,37,NULL,0,2018-01-19 07:45:00.000,12.26256,NULL,1,0,4956
15265,Level,8549,2,NULL,0,2018-01-19 07:45:00.000,6.212456,NULL,1,0,4955
15292,Velocity,8549,16,NULL,0,2018-01-19 07:45:00.000,0.9735852,NULL,1,0,4960
15319,Flow,8549,26,NULL,0,2018-01-19 07:45:00.000,317.8284,NULL,1,0,4954
15346,Surface Velocity,8549,16,NULL,0,2018-01-19 07:45:00.000,1.38,NULL,1,0,4959
15373,Distance,8549,2,NULL,0,2018-01-19 07:45:00.000,79.28928,NULL,0,0,4953
15400,Surcharge level,8549,2,NULL,0,2018-01-19 07:45:00.000,10.65,NULL,1,0,4957
15427,Surcharge Velocity 2,8549,16,NULL,0,2016-12-14 13:45:00.000,-0.02,NULL,0,0,4958
15456,Final Level,8549,2,NULL,10,2018-01-19 07:45:00.000,6.212456,NULL,1,0,NULL
15483,Final Velocity,8549,16,NULL,10,2018-01-19 07:45:00.000,0.9735852,NULL,1,0,NULL
15510,Final Flow,8549,28,NULL,10,2018-01-19 07:45:00.000,0.8699356,NULL,1,0,NULL
15537,Final Pipe Filling_dD,8549,89,NULL,10,2018-01-19 07:45:00.000,0.09861041,NULL,1,0,NULL
15681,QAQC Delta Final Flow,8549,28,NULL,10,2018-01-19 07:45:00.000,0.04551381,NULL,1,0,NULL
15712,QAQC Delta T,8549,41,NULL,10,2018-01-19 07:45:00.000,900,NULL,1,0,NULL
15743,Surcharge Hours,8549,43,NULL,10,2018-01-19 07:45:00.000,0,NULL,1,0,NULL
15776,QAQC Baseline Flow,8549,28,NULL,10,2018-01-19 07:45:00.000,1.023031,NULL,1,0,NULL
15807,ADWF,8549,28,NULL,10,2018-01-19 07:45:00.000,0.7213566,NULL,0,0,NULL
15837,Mean Diff Squared,8549,28,NULL,10,2018-01-19 07:45:00.000,0.09100764,NULL,0,0,NULL
15869,Variance,8549,NULL,NULL,10,2018-01-19 07:45:00.000,0.05436846,NULL,0,0,NULL
15900,SD Baseline,8549,0,NULL,10,2018-01-19 07:45:00.000,0.2331705,NULL,0,0,NULL
15931,Flow over Base,8549,0,NULL,10,2018-01-19 07:45:00.000,0,NULL,0,0,NULL
15962,Uptime,8549,89,NULL,10,2018-01-19 07:45:00.000,100,NULL,0,0,NULL
16033,Raw Rain,8636,2,NULL,0,2018-01-09 22:33:00.000,0.01,NULL,0,0,5045
16042,Raw Rain,8645,2,NULL,0,2018-01-10 05:23:00.000,0.01,NULL,0,0,5054
16056,Constant 0,8636,NULL,NULL,10,2018-01-19 08:00:00.000,0,NULL,0,0,NULL
16065,Constant 0,8645,NULL,NULL,10,2018-01-19 08:00:00.000,0,NULL,0,0,NULL
16074,Rainfall,8636,2,NULL,10,2018-01-19 08:00:00.000,0,1,1,0,NULL
16083,Rainfall,8645,2,NULL,10,2018-01-19 08:00:00.000,0,1,1,0,NULL
16093,Raw Rain 15,8636,2,NULL,10,2018-01-09 22:45:00.000,0.01,NULL,0,0,NULL
16102,Raw Rain 15,8645,2,NULL,10,2018-01-10 05:30:00.000,0.01,NULL,0,0,NULL
16175,QAQC Level,7334,2,NULL,10,2018-01-19 07:45:00.000,8.330448,NULL,0,0,NULL
16176,QAQC Velocity,7334,16,NULL,10,2018-01-19 07:45:00.000,1.921491,NULL,0,0,NULL
16188,zz_0_13828,7325,16,NULL,11,2016-11-21 11:00:00.000,1.008232,NULL,1,0,NULL
16189,zz_1_13828,7325,16,NULL,11,2016-11-21 12:00:00.000,1.354527,NULL,1,0,NULL
16389,Velocity Ratio,7325,NULL,NULL,10,NULL,NULL,NULL,0,0,NULL
16395,Velocity Ratio,7329,NULL,NULL,10,NULL,NULL,NULL,0,0,NULL
16396,Velocity Ratio,7330,NULL,NULL,10,NULL,NULL,NULL,0,0,NULL
16397,Velocity Ratio,7331,NULL,NULL,10,NULL,NULL,NULL,0,0,NULL
16399,Velocity Ratio,7332,NULL,NULL,10,NULL,NULL,NULL,0,0,NULL
16400,Velocity Ratio,7333,NULL,NULL,10,NULL,NULL,NULL,0,0,NULL
16401,Velocity Ratio,6436,NULL,NULL,10,NULL,NULL,NULL,0,0,NULL
16402,Velocity Ratio,7334,NULL,NULL,10,NULL,NULL,NULL,0,0,NULL
16442,Velocity Ratio,6969,NULL,NULL,10,NULL,NULL,NULL,0,0,NULL
16446,Velocity Ratio,7348,NULL,NULL,10,NULL,NULL,NULL,0,0,NULL
16447,Velocity Ratio,7537,NULL,NULL,10,NULL,NULL,NULL,0,0,NULL
16449,Velocity Ratio,8549,NULL,NULL,10,NULL,NULL,NULL,0,0,NULL
16510,Silt,8549,2,NULL,10,2018-01-19 07:45:00.000,3,NULL,0,0,NULL
16511,QAQC Level,8549,2,NULL,10,2018-01-19 07:45:00.000,5.598015,NULL,0,0,NULL
16512,QAQC Velocity,8549,16,NULL,10,2018-01-19 07:45:00.000,1.220022,NULL,0,0,NULL
16540,QAQC Level,7348,2,NULL,10,2018-01-19 07:45:00.000,13.44647,NULL,0,0,NULL
16541,QAQC Velocity,7348,16,NULL,10,2018-01-19 07:45:00.000,4.58514,NULL,0,0,NULL
16542,zz_0_13724,7348,2,NULL,11,2015-08-26 11:45:00.000,19.22755,NULL,1,0,NULL
16612,Power Supply,8798,37,NULL,0,2018-01-19 04:00:00.000,8.894783,NULL,1,0,5109
16613,Level,8798,2,NULL,0,2018-01-19 04:00:00.000,2.812897,NULL,1,0,5110
16614,Velocity,8798,16,NULL,0,2018-01-19 04:00:00.000,0,NULL,1,0,5111
16615,Flow,8798,26,NULL,0,2018-01-19 04:00:00.000,0,NULL,1,0,5112
16616,Surface Velocity,8798,16,NULL,0,2018-01-19 04:00:00.000,5.08,NULL,1,0,5113
16617,Distance,8798,2,NULL,0,2018-01-19 04:00:00.000,58.1871,NULL,0,0,5114
16618,Surcharge level,8798,2,NULL,0,2018-01-19 04:00:00.000,0,NULL,1,0,5115
16619,Surcharge Velocity 2,8798,16,NULL,0,2017-05-05 19:45:00.000,-0.19,NULL,0,0,5116
16620,Final Level,8798,2,NULL,10,2018-01-19 04:00:00.000,2.812897,NULL,1,0,NULL
16621,Final Velocity,8798,16,NULL,10,2018-01-19 04:00:00.000,0,NULL,1,0,NULL
16622,Final Flow,8798,28,NULL,10,2018-01-19 04:00:00.000,0,NULL,1,0,NULL
16623,Final Pipe Filling_dD,8798,89,NULL,10,2018-01-19 04:00:00.000,0.05209068,NULL,1,0,NULL
16624,QAQC Delta Final Flow,8798,28,NULL,10,2018-01-19 04:00:00.000,0,NULL,1,0,NULL
16625,QAQC Delta T,8798,41,NULL,10,2018-01-19 04:00:00.000,900,NULL,1,0,NULL
16626,Surcharge Hours,8798,43,NULL,10,2018-01-19 04:00:00.000,0,NULL,1,0,NULL
16628,Silt,8798,2,NULL,10,2018-01-19 04:00:00.000,3,NULL,0,0,NULL
16718,Vel_adj,7331,16,NULL,10,2017-01-11 02:00:00.000,3.386708,NULL,0,0,NULL
16724,Lvl_adj,7331,2,NULL,10,2018-01-19 06:30:00.000,1.514988,NULL,0,0,NULL
16728,zz_0_13689,7331,2,NULL,11,2015-08-23 04:00:00.000,-4.208743,NULL,1,0,NULL
16729,zz_0_13835,7331,16,NULL,11,2015-08-23 04:00:00.000,2.328734,NULL,1,0,NULL
16957,ADWF,8798,28,NULL,10,2018-01-19 07:45:00.000,6.90415,NULL,0,0,NULL
16959,QAQC Baseline Flow,8798,28,NULL,10,2018-01-19 07:45:00.000,8.661398,NULL,1,0,NULL
16970,Mean Diff Squared,8798,28,NULL,10,2018-01-19 07:45:00.000,3.08792,NULL,0,0,NULL
16982,Variance,8798,NULL,NULL,10,2018-01-19 07:45:00.000,5.43282,NULL,0,0,NULL
16994,SD Baseline,8798,NULL,NULL,10,2018-01-19 07:45:00.000,2.330841,NULL,0,0,NULL
17006,Flow over Base,8798,0,NULL,10,2018-01-19 04:00:00.000,0,NULL,1,0,NULL
17090,zz_2_13828,7325,16,NULL,11,2016-12-31 00:30:00.000,1.579709,NULL,1,0,NULL
17091,zz_3_13828,7325,16,NULL,11,2017-01-24 04:00:00.000,0.8241166,NULL,1,0,NULL
17092,zz_4_13828,7325,16,NULL,11,2017-01-30 04:30:00.000,0.8548461,NULL,1,0,NULL
17093,zz_5_13828,7325,16,NULL,11,2016-12-28 20:45:00.000,0.9947547,NULL,1,0,NULL
17098,zz_6_13828,7325,16,NULL,11,2017-01-11 04:45:00.000,0.4983013,NULL,1,0,NULL
17309,QAQC Level,7329,2,NULL,10,2018-01-19 07:45:00.000,9.05352,NULL,0,0,NULL
17310,QAQC Velocity,7329,16,NULL,10,2018-01-19 07:45:00.000,3.686857,NULL,0,0,NULL
17325,zz_0_13687,7329,2,NULL,11,2017-02-05 00:45:00.000,30,NULL,1,0,NULL
17326,zz_1_13687,7329,2,NULL,11,2017-02-01 06:45:00.000,30,NULL,1,0,NULL
17392,Notes,8798,NULL,NULL,20,NULL,NULL,NULL,1,0,NULL
17394,Notes,7329,NULL,NULL,20,NULL,NULL,NULL,1,0,NULL
17454,Final Level (ft),7537,1,NULL,10,2018-01-19 07:15:00.000,0.4768181,NULL,0,0,NULL
17483,Surface Velocity,7329,16,NULL,0,2018-01-19 06:45:00.000,4.29,NULL,1,0,5249
17487,Notes,7537,NULL,NULL,20,NULL,NULL,NULL,1,0,NULL
17488,Notes,7348,NULL,NULL,20,NULL,NULL,NULL,1,0,NULL
17650,Surface Velocity,7325,16,NULL,0,2018-01-19 07:15:00.000,1.37,NULL,1,0,5323
17655,RA_SurfaceVelocity,6436,16,NULL,10,2018-01-19 07:45:00.000,1.193333,NULL,0,0,NULL
17657,zz_0_8622,6436,16,NULL,11,2017-02-17 16:00:00.000,1.323593,NULL,1,0,NULL
17666,Final Level_ft,7332,1,NULL,10,2018-01-19 07:00:00.000,0.215656,NULL,0,0,NULL
17670,Final Level_ft,7348,1,NULL,10,2018-01-19 07:30:00.000,0.7148418,NULL,0,0,NULL
17701,Interpolated Flow,8549,28,NULL,10,2018-01-19 07:45:00.000,0.8699356,NULL,0,0,NULL
17998,zz_0_8582,6436,2,NULL,11,2017-04-14 05:15:00.000,0,NULL,1,0,NULL
17999,zz_1_8582,6436,2,NULL,11,2017-04-14 06:30:00.000,9.756487,NULL,1,0,NULL
18000,zz_2_8582,6436,2,NULL,11,2017-04-14 02:45:00.000,19.42396,NULL,1,0,NULL
18001,zz_3_8582,6436,2,NULL,11,2017-04-13 22:45:00.000,9.774345,NULL,1,0,NULL
18002,zz_4_8582,6436,2,NULL,11,2017-04-13 19:15:00.000,19.88296,NULL,1,0,NULL
18003,zz_5_8582,6436,2,NULL,11,2017-04-12 06:15:00.000,9.470148,NULL,1,0,NULL
18876,Active Data,7325,2,NULL,10,NULL,NULL,NULL,0,0,NULL
18877,Active Data,8798,2,NULL,10,NULL,NULL,NULL,0,0,NULL
18883,Active Data,7329,2,NULL,10,NULL,NULL,NULL,0,0,NULL
18884,Active Data,7330,2,NULL,10,NULL,NULL,NULL,0,0,NULL
18885,Active Data,7331,2,NULL,10,NULL,NULL,NULL,0,0,NULL
18887,Active Data,7332,2,NULL,10,NULL,NULL,NULL,0,0,NULL
18888,Active Data,7333,2,NULL,10,NULL,NULL,NULL,0,0,NULL
18889,Active Data,6436,2,NULL,10,NULL,NULL,NULL,0,0,NULL
18890,Active Data,7334,2,NULL,10,NULL,NULL,NULL,0,0,NULL
18935,Active Data,6969,2,NULL,10,NULL,NULL,NULL,0,0,NULL
18940,Active Data,7348,2,NULL,10,NULL,NULL,NULL,0,0,NULL
18941,Active Data,7537,2,NULL,10,NULL,NULL,NULL,0,0,NULL
18943,Active Data,8549,2,NULL,10,NULL,NULL,NULL,0,0,NULL
19124,Total Data,7325,2,NULL,10,2018-01-19 07:45:00.000,1,NULL,0,0,NULL
19125,Total Data,8798,2,NULL,10,2018-01-19 07:45:00.000,1,NULL,0,0,NULL
19131,Total Data,7329,2,NULL,10,2017-06-23 10:30:00.000,1,NULL,0,0,NULL
19132,Total Data,7330,2,NULL,10,2018-01-19 07:45:00.000,1,NULL,0,0,NULL
19133,Total Data,7331,2,NULL,10,2018-01-19 07:45:00.000,1,NULL,0,0,NULL
19135,Total Data,7332,2,NULL,10,2018-01-19 07:45:00.000,1,NULL,0,0,NULL
19136,Total Data,7333,2,NULL,10,2018-01-19 07:45:00.000,1,NULL,0,0,NULL
19137,Total Data,6436,2,NULL,10,2018-01-19 07:45:00.000,1,NULL,0,0,NULL
19138,Total Data,7334,2,NULL,10,2018-01-19 07:45:00.000,1,NULL,0,0,NULL
19183,Total Data,6969,2,NULL,10,2018-01-19 07:45:00.000,1,NULL,0,0,NULL
19188,Total Data,7348,2,NULL,10,2018-01-19 07:45:00.000,1,NULL,0,0,NULL
19189,Total Data,7537,2,NULL,10,2018-01-19 07:45:00.000,1,NULL,0,0,NULL
19191,Total Data,8549,2,NULL,10,2018-01-19 07:45:00.000,1,NULL,0,0,NULL
19372,Summed Active Data,7325,NULL,NULL,10,NULL,NULL,NULL,0,0,NULL
19373,Summed Active Data,8798,NULL,NULL,10,NULL,NULL,NULL,0,0,NULL
19379,Summed Active Data,7329,NULL,NULL,10,NULL,NULL,NULL,0,0,NULL
19380,Summed Active Data,7330,NULL,NULL,10,NULL,NULL,NULL,0,0,NULL
19381,Summed Active Data,7331,NULL,NULL,10,NULL,NULL,NULL,0,0,NULL
19383,Summed Active Data,7332,NULL,NULL,10,NULL,NULL,NULL,0,0,NULL
19384,Summed Active Data,7333,NULL,NULL,10,NULL,NULL,NULL,0,0,NULL
19385,Summed Active Data,6436,NULL,NULL,10,NULL,NULL,NULL,0,0,NULL
19386,Summed Active Data,7334,NULL,NULL,10,NULL,NULL,NULL,0,0,NULL
19431,Summed Active Data,6969,NULL,NULL,10,NULL,NULL,NULL,0,0,NULL
19436,Summed Active Data,7348,NULL,NULL,10,NULL,NULL,NULL,0,0,NULL
19437,Summed Active Data,7537,NULL,NULL,10,NULL,NULL,NULL,0,0,NULL
19439,Summed Active Data,8549,NULL,NULL,10,NULL,NULL,NULL,0,0,NULL
19518,Data Notes,7334,NULL,NULL,20,NULL,NULL,NULL,1,0,NULL
19643,Hach Notes,7325,NULL,NULL,20,NULL,NULL,NULL,1,0,NULL
19644,Hach Notes,6436,NULL,NULL,20,NULL,NULL,NULL,1,0,NULL
20367,Silt,7537,2,NULL,10,2018-01-19 07:15:00.000,1.5,NULL,0,0,NULL
20368,Silt Area,7537,7,NULL,10,2018-01-19 07:15:00.000,0,NULL,0,0,NULL
20420,Power Supply,11988,37,NULL,0,2018-01-19 07:30:00.000,11.09655,NULL,1,0,5866
20421,Level,11988,2,NULL,0,2018-01-19 07:30:00.000,9.330688,NULL,1,0,5867
20422,Flow,11988,26,NULL,0,2018-01-19 07:30:00.000,0,NULL,1,0,5868
20423,Distance,11988,2,NULL,0,2018-01-19 07:30:00.000,55.85969,NULL,0,0,5869
20456,Final Level,11988,2,NULL,10,2018-01-19 07:30:00.000,9.330688,NULL,1,0,NULL
20462,Final Velocity,11988,16,NULL,10,2017-10-27 10:30:00.000,NULL,NULL,1,0,NULL
20468,Final Flow,11988,28,NULL,10,2017-10-27 10:45:00.000,0.5728658,NULL,1,0,NULL
20475,Final Pipe Filling_dD,11988,89,NULL,10,2018-01-19 07:30:00.000,0.1555115,NULL,1,0,NULL
20481,QAQC Baseline Flow,11988,28,NULL,10,NULL,NULL,NULL,1,0,NULL
20490,QAQC Delta Final Flow,11988,28,NULL,10,2017-10-27 10:45:00.000,0.001641393,NULL,1,0,NULL
20496,QAQC Delta T,11988,41,NULL,10,2018-01-19 07:30:00.000,900,NULL,1,0,NULL
20505,Surcharge Hours,11988,43,NULL,10,2018-01-19 07:30:00.000,0,NULL,1,0,NULL
20513,ADWF,11988,28,NULL,10,NULL,NULL,NULL,0,0,NULL
20520,Mean Diff Squared,11988,28,NULL,10,NULL,NULL,NULL,0,0,NULL
20526,Variance,11988,28,NULL,10,NULL,NULL,NULL,0,0,NULL
20534,SD Baseline,11988,28,NULL,10,NULL,NULL,NULL,0,0,NULL
20540,Flow over Base,11988,28,NULL,10,NULL,NULL,NULL,0,0,NULL
20547,Level_Ft,11988,1,NULL,10,2018-01-19 07:30:00.000,0.7775574,NULL,0,0,NULL
20593,Pipe Filling_dD,7348,89,NULL,10,2018-01-19 07:30:00.000,0.150493,NULL,1,0,NULL
20745,Surface Velocity,11988,16,NULL,0,2016-03-24 16:00:00.000,0.83,NULL,1,0,5904
20746,Surcharge level,11988,2,NULL,0,2016-03-24 16:00:00.000,-0.1500001,NULL,1,0,5905
20747,Velocity,11988,16,NULL,0,2016-03-24 16:00:00.000,0.7158896,NULL,1,0,5906
21061,Surface Velocity,7330,16,NULL,0,2018-01-19 07:30:00.000,2.75,NULL,1,0,5997
21062,Surface Velocity,7331,16,NULL,0,2018-01-19 07:30:00.000,3.7,NULL,1,0,5998
21135,Surface Velocity,7332,16,NULL,0,2018-01-19 07:00:00.000,1.42,NULL,1,0,5999
21136,Surface Velocity,7333,16,NULL,0,2018-01-19 07:15:00.000,2.72,NULL,1,0,6000
21137,Surface Velocity,7334,16,NULL,0,2018-01-19 07:30:00.000,2.1,NULL,1,0,6001
21151,Surface Velocity,7348,16,NULL,0,2018-01-19 07:30:00.000,4.78,NULL,1,0,6015
21152,Surface Velocity,7537,16,NULL,0,2018-01-19 07:15:00.000,1.28,NULL,1,0,6016
21179,Pipe Filling_dD,7325,89,NULL,10,2018-01-19 07:15:00.000,0.2291638,NULL,1,0,NULL
21345,Pipe Filling_dD,8549,89,NULL,10,2018-01-19 07:45:00.000,0.09861041,NULL,1,0,NULL
22304,Interpolated Final Flow,6969,28,NULL,10,2018-01-19 07:30:00.000,0.3733672,NULL,0,0,NULL
22328,Interpolated Final Flow,7537,28,NULL,10,2018-01-19 07:15:00.000,1.74836,NULL,0,0,NULL
22329,Interpolated Final Flow,7348,28,NULL,10,2018-01-19 07:30:00.000,6.971684,NULL,0,0,NULL
22330,Interpolated Final Flow,6436,28,NULL,10,2018-01-19 07:30:00.000,3.536894,NULL,0,0,NULL
22331,Interpolated Final Flow,7333,28,NULL,10,2018-01-19 07:15:00.000,1.348119,NULL,0,0,NULL
22368,53802018_24 Tot,7537,13,NULL,10,2018-01-19 07:15:00.000,61.44091,NULL,1,0,NULL
22369,53803144_14 Tot,7537,13,NULL,10,2017-12-17 03:00:00.000,4.254814,NULL,1,0,NULL
22370,Daily Tot,7537,13,NULL,10,2018-01-19 07:15:00.000,986.5679,NULL,1,0,NULL
22371,Balance Tot,7537,13,NULL,10,2017-12-17 03:00:00.000,70.44765,NULL,1,0,NULL
22372,Balance Diff,7537,89,NULL,10,2017-12-17 03:00:00.000,-71.54317,NULL,1,0,NULL
22508,Hach Notes,7331,NULL,NULL,20,NULL,NULL,NULL,1,0,NULL
